,userId,invited,successful
0,23116006382345,1,0
1,23116006762345,1,0
2,23116006882345,2,0
3,23116007142345,73,67
4,23116007302345,2,0
5,23116007462345,2,0
6,23116007482345,1,0
7,23116007522345,1,0
8,23116007562345,1,0
9,23116007602345,1,0
10,23116007702345,1,0
11,23116007882345,1,0
12,23116008002345,1,0
13,23116008362345,2,0
14,23116008682345,1,0
15,23116008842345,1,0
16,23116009202345,1,0
17,23116009342345,1,0
18,23116009442345,1,0
19,23116009562345,1,0
20,23116009642345,1,0
21,23116009662345,1,0
22,23116009722345,2,0
23,23116009742345,1,0
24,23116009922345,1,0
25,23116010602345,1,0
26,23116011082345,1,0
27,23116011122345,2,0
28,23116011502345,1,0
29,23116012702345,1,0
30,23116012722345,1,0
31,23116013042345,1,0
32,23116013182345,1,0
33,23116013362345,1,0
34,23116013462345,1,0
35,23116013622345,1,0
36,23116013642345,1,0
37,23116013682345,1,0
38,23116013822345,1,0
39,23116013962345,1,0
40,23116014302345,1,0
41,23116014362345,1,0
42,23116014542345,2,0
43,23116014582345,1,0
44,23116014722345,1,0
45,23116014862345,1,0
46,23116014962345,1,0
47,23116015022345,1,0
48,23116015122345,1,0
49,23116015202345,1,0
50,23116015942345,1,0
51,23116016102345,1,0
52,23116016282345,1,0
53,23116016442345,1,0
54,23116016762345,1,0
55,23116016962345,1,0
56,23116017022345,1,0
57,23116017042345,1,0
58,23116017342345,1,0
59,23116017502345,1,0
60,23116017962345,1,0
61,23116018522345,2,0
62,23116018582345,1,0
63,23116018702345,2,0
64,23116018882345,1,0
65,23116018922345,1,0
66,23116018982345,1,0
67,23116019062345,1,0
68,23116019282345,1,0
69,23116020002345,1,0
70,23116020262345,1,0
71,23116020322345,1,0
72,23116020922345,1,0
73,23116021442345,1,0
74,23116021542345,1,0
75,23116022042345,1,0
76,23116022322345,1,0
77,23116022342345,1,0
78,23116022362345,1,0
79,23116022382345,1,0
80,23116022742345,1,0
81,23116022902345,1,0
82,23116022962345,1,0
83,23116023082345,2,0
84,23116023102345,1,0
85,23116023482345,1,0
86,23116023562345,1,0
87,23116023582345,1,0
88,23116023882345,1,0
89,23116023962345,1,0
90,23116024882345,1,0
91,23116025122345,1,0
92,23116025782345,1,0
93,23116025802345,1,0
94,23116026042345,1,0
95,23116026262345,1,0
96,23116026302345,1,0
97,23116026482345,1,0
98,23116026722345,1,0
99,23116026822345,1,0
100,23116027062345,1,0
101,23116027162345,1,0
102,23116027202345,1,0
103,23116027722345,1,0
104,23116027742345,1,0
105,23116027842345,1,0
106,23116027882345,1,0
107,23116028122345,1,0
108,23116028242345,1,0
109,23116028282345,1,0
110,23116028362345,1,0
111,23116028482345,1,0
112,23116028702345,1,0
113,23116028742345,1,0
114,23116028782345,1,0
115,23116028922345,1,0
116,23116029242345,1,0
117,23116030122345,1,0
118,23116030222345,1,0
119,23116030802345,1,0
120,23116031082345,1,0
121,23116031242345,6,3
122,23116031662345,1,0
123,23116031822345,1,0
124,23116031962345,1,0
125,23116032002345,1,0
126,23116032042345,1,0
127,23116032342345,1,0
128,23116032462345,2,0
129,23116032662345,1,0
130,23116032682345,1,0
131,23116032702345,2,0
132,23116033122345,1,0
133,23116033182345,2,0
134,23116033542345,1,0
135,23116033742345,2,0
136,23116033782345,1,0
137,23116033962345,1,0
138,23116034162345,1,0
139,23116034182345,1,0
140,23116034202345,1,0
141,23116034282345,1,0
142,23116034342345,1,0
143,23116034362345,1,0
144,23116034562345,1,0
145,23116034742345,1,0
146,23116035082345,1,0
147,23116035102345,1,0
148,23116035162345,1,0
149,23116035222345,1,0
150,23116035382345,1,0
151,23116035702345,2,0
152,23116036022345,1,0
153,23116036062345,1,0
154,23116036082345,1,0
155,23116036142345,1,0
156,23116036182345,1,0
157,23116036282345,1,0
158,23116036562345,1,0
159,23116036802345,1,0
160,23116036822345,1,0
161,23116037222345,1,0
162,23116037602345,1,0
163,23116037722345,1,0
164,23116037742345,1,1
165,23116037802345,1,0
166,23116037962345,2,0
167,23116038082345,1,0
168,23116038202345,1,0
169,23116038282345,1,0
170,23116038582345,1,0
171,23116038982345,1,0
172,23116039042345,1,0
173,23116039282345,1,0
174,23116039402345,1,0
175,23116039862345,1,0
176,23116039942345,1,1
177,23116040102345,1,0
178,23116040182345,1,0
179,23116040542345,1,0
180,23116040682345,1,0
181,23116040802345,1,0
182,23116040942345,1,0
183,23116041182345,1,0
184,23116041422345,1,0
185,23116042042345,1,0
186,23116042142345,1,0
187,23116042822345,1,0
188,23116042962345,2,0
189,23116043102345,2,0
190,23116043382345,1,0
191,23116043502345,1,0
192,23116043602345,2,0
193,23116043682345,1,0
194,23116044542345,1,0
195,23116044762345,1,0
196,23116044862345,1,0
197,23116045062345,1,0
198,23116045162345,1,0
199,23116045562345,1,0
200,23116045862345,1,0
201,23116045982345,1,0
202,23116046162345,1,0
203,23116046262345,1,0
204,23116046682345,1,0
205,23116046902345,1,0
206,23116047442345,2,0
207,23116047482345,1,0
208,23116047662345,1,0
209,23116047702345,1,0
210,23116047782345,2,0
211,23116048182345,1,0
212,23116048342345,1,0
213,23116048402345,1,0
214,23116048522345,1,0
215,23116048542345,2,0
216,23116048642345,1,0
217,23116048682345,2,0
218,23116048742345,1,0
219,23116048802345,3,2
220,23116048922345,1,0
221,23116048962345,1,0
222,23116049182345,2,2
223,23116049622345,1,0
224,23116049902345,1,0
225,23116050122345,1,0
226,23116050602345,1,0
227,23116050842345,1,0
228,23116050862345,1,0
229,23116051382345,1,0
230,23116051442345,1,0
231,23116051462345,1,0
232,23116051542345,1,0
233,23116051622345,1,0
234,23116051642345,1,0
235,23116052442345,1,0
236,23116052702345,2,0
237,23116052762345,1,0
238,23116052822345,2,0
239,23116052922345,1,0
240,23116053422345,1,0
241,23116053502345,1,0
242,23116053582345,1,0
243,23116054142345,1,0
244,23116054342345,1,0
245,23116054502345,1,0
246,23116054602345,1,0
247,23116054642345,1,0
248,23116054902345,1,0
249,23116054922345,1,0
250,23116055082345,1,0
251,23116055182345,1,0
252,23116055302345,1,0
253,23116055362345,1,0
254,23116055482345,1,0
255,23116055502345,1,0
256,23116055902345,1,0
257,23116055982345,1,0
258,23116056022345,1,0
259,23116056102345,2,0
260,23116056142345,1,0
261,23116056302345,2,0
262,23116056322345,1,0
263,23116056522345,1,0
264,23116056702345,2,0
265,23116057062345,1,0
266,23116057642345,1,0
267,23116057822345,1,0
268,23116057962345,1,0
269,23116058022345,1,0
270,23116058142345,1,0
271,23116058242345,1,0
272,23116058382345,1,0
273,23116058462345,2,0
274,23116058702345,1,0
275,23116058722345,1,0
276,23116058762345,1,0
277,23116059162345,1,1
278,23116059182345,1,0
279,23116059602345,1,0
280,23116059682345,1,0
281,23116059902345,1,0
282,23116059942345,1,0
283,23116059962345,1,0
284,23116060182345,1,0
285,23116060402345,1,0
286,23116060522345,2,0
287,23116060722345,1,0
288,23116061562345,1,0
289,23116062162345,1,1
290,23116062202345,4,0
291,23116062642345,1,0
292,23116063002345,1,0
293,23116063122345,1,0
294,23116063162345,1,0
295,23116063182345,2,0
296,23116063622345,1,0
297,23116063762345,1,0
298,23116064122345,2,0
299,23116064142345,1,0
300,23116064502345,2,0
301,23116064662345,1,0
302,23116064782345,2,0
303,23116065102345,1,0
304,23116065482345,1,0
305,23116066082345,1,0
306,23116066562345,1,0
307,23116066782345,1,0
308,23116066822345,1,0
309,23116066922345,2,0
310,23116067022345,4,2
311,23116067082345,1,0
312,23116067842345,2,0
313,23116067902345,1,0
314,23116068182345,1,0
315,23116068202345,2,0
316,23116068242345,1,0
317,23116068582345,1,0
318,23116068642345,1,0
319,23116068802345,7,6
320,23116069002345,1,0
321,23116069102345,1,0
322,23116069282345,1,0
323,23116069302345,1,0
324,23116069782345,1,0
325,23116070442345,1,0
326,23116070642345,1,0
327,23116070702345,1,0
328,23116070782345,1,0
329,23116070962345,2,0
330,23116071122345,1,0
331,23116071342345,1,0
332,23116071382345,1,0
333,23116071502345,1,0
334,23116071602345,1,0
335,23116071702345,2,0
336,23116072262345,1,0
337,23116072522345,2,0
338,23116072822345,2,0
339,23116072922345,1,0
340,23116073002345,1,0
341,23116073082345,1,0
342,23116073102345,2,2
343,23116073222345,1,0
344,23116073282345,2,0
345,23116073482345,1,0
346,23116073542345,1,0
347,23116073822345,1,0
348,23116073982345,1,0
349,23116074022345,1,0
350,23116074042345,1,0
351,23116074222345,1,0
352,23116074282345,1,0
353,23116074322345,1,0
354,23116074402345,1,0
355,23116074522345,1,0
356,23116074622345,1,0
357,23116074702345,2,0
358,23116074722345,1,0
359,23116074902345,1,0
360,23116074962345,1,0
361,23116075082345,6,0
362,23116075282345,1,0
363,23116075342345,1,0
364,23116075762345,1,0
365,23116075982345,2,0
366,23116076062345,1,0
367,23116076182345,1,0
368,23116076522345,1,0
369,23116076782345,1,0
370,23116077022345,1,0
371,23116077402345,1,0
372,23116077682345,1,0
373,23116077722345,1,0
374,23116077862345,1,0
375,23116077942345,1,0
376,23116078702345,2,0
377,23116078842345,1,0
378,23116078922345,1,0
379,23116079242345,1,0
380,23116079442345,1,0
381,23116079542345,1,0
382,23116079622345,1,0
383,23116079782345,11,6
384,23116080082345,2,0
385,23116080282345,1,0
386,23116080322345,1,0
387,23116080382345,1,0
388,23116080482345,2,0
389,23116080842345,1,0
390,23116081022345,1,0
391,23116081042345,1,0
392,23116081182345,1,0
393,23116081262345,1,0
394,23116081462345,1,0
395,23116081562345,1,0
396,23116081962345,1,0
397,23116082062345,1,0
398,23116082582345,1,0
399,23116082802345,7,7
400,23116083382345,1,0
401,23116083502345,1,0
402,23116083522345,1,0
403,23116083762345,1,0
404,23116083902345,1,0
405,23116084142345,2,2
406,23116084222345,1,0
407,23116084262345,2,0
408,23116084302345,1,0
409,23116084362345,1,0
410,23116084782345,1,0
411,23116085142345,1,0
412,23116085282345,1,0
413,23116085322345,1,0
414,23116085722345,2,0
415,23116085962345,2,1
416,23116086102345,1,0
417,23116086162345,1,0
418,23116086362345,2,0
419,23116086382345,1,0
420,23116086602345,1,0
421,23116086622345,1,0
422,23116086962345,1,0
423,23116086982345,1,0
424,23116087062345,1,0
425,23116087262345,1,0
426,23116087302345,1,0
427,23116088002345,1,0
428,23116088022345,1,0
429,23116088062345,1,0
430,23116088662345,1,0
431,23116088982345,1,0
432,23116089042345,1,0
433,23116089742345,1,0
434,23116090062345,1,0
435,23116090242345,2,0
436,23116090302345,2,0
437,23116090342345,1,0
438,23116090542345,1,0
439,23116090822345,1,0
440,23116091022345,1,0
441,23116091162345,1,0
442,23116091362345,1,0
443,23116091802345,1,0
444,23116091942345,1,0
445,23116092142345,1,0
446,23116092222345,1,0
447,23116092382345,1,0
448,23116092982345,1,0
449,23116093542345,1,0
450,23116093662345,1,0
451,23116093822345,2,0
452,23116094122345,2,0
453,23116094362345,1,0
454,23116094402345,2,0
455,23116094782345,1,0
456,23116094962345,1,0
457,23116095282345,1,0
458,23116095362345,1,0
459,23116095742345,1,0
460,23116096322345,1,0
461,23116096622345,1,0
462,23116096982345,1,0
463,23116097162345,1,0
464,23116097802345,1,0
465,23116097842345,1,0
466,23116097882345,1,0
467,23116097922345,1,0
468,23116098142345,1,0
469,23116098582345,1,0
470,23116098742345,1,0
471,23116099322345,1,0
472,23116099622345,1,0
473,23116099722345,1,0
474,23116099822345,1,0
475,23116099922345,1,0
476,23116099942345,1,0
477,23116099982345,1,0
478,23116100182345,1,0
479,23116100402345,1,0
480,23116100642345,1,0
481,23116100822345,1,0
482,23116101142345,2,0
483,23116101282345,2,0
484,23116101362345,2,0
485,23116101722345,1,0
486,23116101762345,2,0
487,23116101882345,1,0
488,23116102902345,2,0
489,23116103122345,1,0
490,23116103282345,1,0
491,23116103442345,2,0
492,23116104802345,1,0
493,23116105602345,1,0
494,23116105642345,1,0
495,23116106282345,1,0
496,23116106442345,4,4
497,23116106702345,2,0
498,23116106902345,1,0
499,23116106922345,1,0
500,23116106962345,1,0
501,23116107022345,1,0
502,23116107182345,2,0
503,23116107682345,1,0
504,23116107902345,1,0
505,23116108162345,2,0
506,23116108402345,1,0
507,23116108422345,1,0
508,23116108562345,1,0
509,23116109142345,1,0
510,23116109262345,1,0
511,23116109382345,1,0
512,23116109442345,2,0
513,23116109502345,1,0
514,23116109902345,2,0
515,23116109942345,1,0
516,23116110162345,1,0
517,23116110262345,1,0
518,23116110342345,1,0
519,23116110682345,1,0
520,23116111062345,1,0
521,23116111222345,1,0
522,23116111602345,1,0
523,23116111642345,1,0
524,23116111842345,1,0
525,23116112042345,1,0
526,23116112162345,1,0
527,23116112302345,1,0
528,23116112562345,1,0
529,23116112822345,1,0
530,23116112922345,1,0
531,23116113262345,2,0
532,23116113282345,1,0
533,23116113482345,1,0
534,23116113602345,2,0
535,23116113902345,1,0
536,23116114922345,1,0
537,23116114982345,1,0
538,23116115102345,1,0
539,23116115582345,1,0
540,23116116222345,1,0
541,23116116302345,1,0
542,23116116322345,2,0
543,23116116802345,1,1
544,23116117122345,1,0
545,23116117282345,1,0
546,23116117662345,1,0
547,23116117702345,1,0
548,23116117782345,1,0
549,23116118142345,1,0
550,23116118382345,1,0
551,23116119202345,1,0
552,23116119662345,1,0
553,23116119702345,1,0
554,23116119802345,2,0
555,23116119922345,1,0
556,23116120002345,1,0
557,23116120242345,1,0
558,23116120622345,1,0
559,23116120942345,1,0
560,23116121102345,1,0
561,23116121682345,1,0
562,23116121782345,1,0
563,23116122162345,1,0
564,23116122502345,1,0
565,23116122542345,1,0
566,23116122722345,1,0
567,23116123022345,1,0
568,23116123082345,2,0
569,23116123262345,2,0
570,23116123462345,2,1
571,23116123582345,2,0
572,23116123642345,1,0
573,23116124102345,1,0
574,23116124322345,1,0
575,23116124482345,1,0
576,23116124722345,1,0
577,23116125042345,1,0
578,23116125382345,2,0
579,23116125422345,2,0
580,23116125962345,1,0
581,23116126122345,1,0
582,23116126362345,1,0
583,23116126622345,1,0
584,23116126762345,2,0
585,23116127162345,1,0
586,23116127282345,1,0
587,23116127302345,1,0
588,23116127342345,1,0
589,23116127902345,1,0
590,23116127962345,1,0
591,23116128642345,1,0
592,23116129042345,1,0
593,23116129062345,1,0
594,23116129322345,1,0
595,23116129442345,1,0
596,23116129542345,2,0
597,23116129642345,1,0
598,23116130662345,1,0
599,23116130922345,1,0
600,23116131202345,2,0
601,23116131322345,1,0
602,23116131402345,1,0
603,23116131642345,1,0
604,23116131702345,1,1
605,23116131802345,1,0
606,23116131862345,2,0
607,23116132062345,1,0
608,23116132222345,1,0
609,23116132482345,1,0
610,23116132502345,1,0
611,23116132782345,2,2
612,23116133702345,1,0
613,23116134282345,2,0
614,23116134402345,1,0
615,23116135222345,1,0
616,23116135242345,1,0
617,23116136022345,1,0
618,23116136122345,1,0
619,23116136522345,1,0
620,23116136582345,1,0
621,23116136622345,1,0
622,23116136722345,1,0
623,23116136862345,1,0
624,23116137282345,1,0
625,23116137342345,2,0
626,23116137482345,1,0
627,23116138642345,1,0
628,23116138762345,2,0
629,23116138782345,1,0
630,23116138842345,1,0
631,23116139042345,1,0
632,23116139282345,1,0
633,23116139702345,1,0
634,23116139742345,1,0
635,23116139822345,1,0
636,23116140342345,1,0
637,23116140362345,1,0
638,23116140382345,1,0
639,23116140542345,1,0
640,23116140702345,1,0
641,23116140722345,1,0
642,23116141142345,6,4
643,23116141202345,2,0
644,23116141262345,1,0
645,23116141362345,1,0
646,23116141542345,1,0
647,23116141702345,1,0
648,23116141862345,1,0
649,23116142322345,1,0
650,23116142942345,1,0
651,23116143302345,1,0
652,23116143642345,1,0
653,23116143662345,1,0
654,23116143702345,1,0
655,23116144042345,1,0
656,23116144182345,2,0
657,23116144282345,1,0
658,23116144562345,1,0
659,23116144842345,1,0
660,23116144982345,1,0
661,23116145382345,1,0
662,23116145402345,1,0
663,23116145862345,1,0
664,23116146182345,1,0
665,23116146222345,2,0
666,23116146562345,2,0
667,23116146802345,1,0
668,23116146822345,1,0
669,23116146842345,1,0
670,23116147482345,2,0
671,23116147622345,1,0
672,23116147802345,1,0
673,23116148062345,1,0
674,23116148182345,1,0
675,23116148742345,1,0
676,23116148822345,7,5
677,23116150402345,3,0
678,23116151042345,1,0
679,23116151122345,1,0
680,23116152202345,1,0
681,23116152522345,1,0
682,23116153182345,1,0
683,23116153542345,1,0
684,23116153882345,1,0
685,23116154562345,1,0
686,23116155082345,1,0
687,23116155202345,1,0
688,23116155262345,1,0
689,23116155362345,1,0
690,23116155842345,1,0
691,23116156422345,1,0
692,23116156762345,1,0
693,23116156802345,2,0
694,23116156922345,1,0
695,23116156962345,1,0
696,23116157102345,1,0
697,23116157682345,2,0
698,23116157742345,2,0
699,23116157922345,1,0
700,23116158422345,2,0
701,23116158502345,1,0
702,23116159122345,1,0
703,23116159162345,1,0
704,23116159222345,1,0
705,23116159462345,12,8
706,23116159562345,2,0
707,23116159842345,1,0
708,23116160122345,2,0
709,23116160222345,1,0
710,23116160342345,1,0
711,23116160362345,1,0
712,23116160502345,1,0
713,23116160602345,1,0
714,23116160902345,1,0
715,23116161362345,1,0
716,23116161662345,2,0
717,23116161862345,1,0
718,23116161882345,1,0
719,23116162022345,1,0
720,23116162042345,1,0
721,23116162722345,1,0
722,23116162862345,1,0
723,23116163002345,1,0
724,23116163082345,1,0
725,23116163202345,2,0
726,23116163402345,1,0
727,23116164722345,1,0
728,23116165162345,1,0
729,23116165202345,1,0
730,23116165382345,1,0
731,23116165502345,1,0
732,23116165582345,1,0
733,23116165602345,1,0
734,23116165702345,1,0
735,23116165742345,1,0
736,23116166042345,1,0
737,23116166062345,1,0
738,23116166242345,1,0
739,23116166322345,1,0
740,23116166482345,1,0
741,23116166502345,1,0
742,23116166742345,1,0
743,23116167302345,1,0
744,23116167502345,1,0
745,23116167582345,2,0
746,23116168622345,2,0
747,23116168742345,1,0
748,23116168802345,1,0
749,23116169042345,1,0
750,23116169402345,1,0
751,23116170082345,1,0
752,23116170162345,1,0
753,23116170342345,1,0
754,23116170622345,1,0
755,23116170722345,1,0
756,23116170762345,1,0
757,23116170802345,1,0
758,23116170922345,1,0
759,23116171142345,1,0
760,23116171322345,1,0
761,23116171402345,2,0
762,23116171462345,1,0
763,23116171802345,1,0
764,23116173102345,1,0
765,23116173202345,1,0
766,23116173382345,1,0
767,23116173782345,1,0
768,23116173962345,1,0
769,23116174082345,1,0
770,23116174242345,2,0
771,23116174462345,1,0
772,23116174702345,2,0
773,23116175022345,1,0
774,23116175282345,1,0
775,23116175302345,2,0
776,23116175522345,1,0
777,23116175742345,2,2
778,23116176562345,1,0
779,23116176822345,1,0
780,23116176902345,1,0
781,23116177182345,1,0
782,23116177562345,1,0
783,23116178002345,1,0
784,23116178442345,1,0
785,23116178602345,1,0
786,23116179162345,1,0
787,23116179402345,1,0
788,23116179762345,1,0
789,23116179982345,2,0
790,23116180162345,1,0
791,23116180182345,1,0
792,23116180222345,1,0
793,23116180442345,1,0
794,23116180702345,1,0
795,23116180862345,1,0
796,23116181002345,1,0
797,23116181102345,1,0
798,23116181142345,1,0
799,23116181502345,2,0
800,23116181622345,1,0
801,23116182062345,1,0
802,23116182122345,2,0
803,23116182442345,1,0
804,23116183102345,1,0
805,23116183262345,1,0
806,23116183442345,1,0
807,23116184002345,1,0
808,23116184342345,1,0
809,23116184482345,1,0
810,23116184722345,2,0
811,23116184982345,1,0
812,23116185222345,7,0
813,23116185362345,1,0
814,23116185602345,1,0
815,23116185642345,4,4
816,23116185922345,1,0
817,23116186022345,1,0
818,23116186102345,1,0
819,23116186742345,1,0
820,23116187282345,1,0
821,23116189482345,1,0
822,23116189582345,1,0
823,23116189762345,2,0
824,23116189942345,1,0
825,23116190482345,1,0
826,23116191082345,1,0
827,23116192282345,1,0
828,23116192642345,1,0
829,23116192782345,1,0
830,23116193102345,1,0
831,23116193402345,1,0
832,23116193522345,1,0
833,23116193542345,1,0
834,23116193802345,2,0
835,23116194042345,1,0
836,23116194302345,1,1
837,23116194462345,1,0
838,23116194902345,2,0
839,23116195022345,2,0
840,23116195162345,2,0
841,23116195362345,2,0
842,23116195882345,1,0
843,23116195982345,1,0
844,23116196002345,1,0
845,23116196222345,1,0
846,23116196642345,1,0
847,23116196762345,84,58
848,23116197142345,1,0
849,23116197262345,1,0
850,23116198182345,1,0
851,23116198662345,1,0
852,23116198762345,1,0
853,23116199022345,1,0
854,23116199242345,1,0
855,23116199422345,1,0
856,23116199482345,1,0
857,23116199922345,1,0
858,23116200422345,1,0
859,23116200922345,1,0
860,23116201022345,2,0
861,23116201562345,1,0
862,23116201582345,2,0
863,23116201922345,1,0
864,23116202142345,1,0
865,23116202182345,1,0
866,23116202322345,1,0
867,23116202422345,1,0
868,23116202682345,12,6
869,23116202922345,1,0
870,23116203262345,1,0
871,23116203342345,1,0
872,23116203802345,1,0
873,23116204542345,2,0
874,23116204982345,1,0
875,23116205082345,1,0
876,23116205182345,1,0
877,23116205402345,2,0
878,23116205862345,4,0
879,23116206022345,16,14
880,23116206542345,1,0
881,23116207482345,1,0
882,23116207642345,1,0
883,23116207982345,1,0
884,23116208042345,1,0
885,23116208182345,1,0
886,23116208742345,1,0
887,23116209242345,1,0
888,23116209722345,1,0
889,23116209842345,2,1
890,23116210002345,1,0
891,23116210262345,1,0
892,23116210322345,1,0
893,23116210642345,1,0
894,23116210822345,1,0
895,23116210862345,11,5
896,23116211002345,1,0
897,23116211182345,1,0
898,23116211782345,2,0
899,23116211802345,1,0
900,23116211842345,1,0
901,23116212202345,8,7
902,23116212722345,1,0
903,23116213102345,1,0
904,23116213302345,1,0
905,23116213962345,1,0
906,23116214302345,1,0
907,23116215342345,1,0
908,23116215462345,1,0
909,23116215862345,2,0
910,23116216202345,1,0
911,23116216482345,1,0
912,23116216962345,1,1
913,23116217302345,1,0
914,23116217402345,1,0
915,23116217462345,1,0
916,23116217702345,1,0
917,23116217842345,1,0
918,23116217922345,1,0
919,23116218542345,4,0
920,23116218662345,2,0
921,23116218702345,2,0
922,23116219242345,1,0
923,23116219422345,1,0
924,23116219442345,1,0
925,23116219642345,2,0
926,23116219662345,1,0
927,23116219782345,1,0
928,23116219882345,1,0
929,23116220962345,1,0
930,23116221222345,1,0
931,23116221402345,1,0
932,23116221482345,2,0
933,23116221582345,1,0
934,23116221942345,1,0
935,23116221982345,1,0
936,23116222422345,1,0
937,23116222802345,1,0
938,23116222822345,4,4
939,23116223102345,1,0
940,23116223182345,44,42
941,23116223202345,2,0
942,23116223702345,1,0
943,23116223962345,1,0
944,23116224122345,2,0
945,23116224362345,1,0
946,23116224382345,2,0
947,23116224922345,1,0
948,23116224962345,1,0
949,23116225582345,1,0
950,23116226202345,1,0
951,23116226442345,1,0
952,23116227522345,1,0
953,23116228142345,1,0
954,23116228422345,2,0
955,23116228822345,1,0
956,23116229022345,1,0
957,23116229122345,1,0
958,23116229402345,1,0
959,23116229502345,1,0
960,23116229782345,1,0
961,23116229942345,1,0
962,23116230162345,2,0
963,23116230222345,1,0
964,23116230302345,2,1
965,23116230582345,1,0
966,23116230842345,1,0
967,23116231082345,1,0
968,23116231282345,1,0
969,23116231462345,1,0
970,23116232502345,1,0
971,23116232622345,1,0
972,23116233202345,2,0
973,23116233302345,1,0
974,23116233502345,1,0
975,23116234022345,1,0
976,23116234242345,2,0
977,23116234482345,1,0
978,23116234722345,2,0
979,23116234922345,1,0
980,23116235322345,1,0
981,23116235602345,1,0
982,23116236322345,1,0
983,23116236402345,2,0
984,23116236502345,1,0
985,23116236522345,1,0
986,23116236562345,1,0
987,23116236742345,1,0
988,23116236982345,1,0
989,23116237002345,1,0
990,23116237622345,4,4
991,23116238822345,1,0
992,23116238922345,1,0
993,23116239022345,1,0
994,23116239062345,1,0
995,23116239182345,1,0
996,23116239682345,2,0
997,23116239802345,1,0
998,23116240022345,1,0
999,23116240122345,1,0
1000,23116240162345,1,0
1001,23116240302345,1,0
1002,23116240862345,1,0
1003,23116241202345,1,0
1004,23116241602345,1,0
1005,23116241762345,1,0
1006,23116241902345,1,0
1007,23116242122345,1,0
1008,23116242642345,1,0
1009,23116242662345,1,0
1010,23116242702345,1,0
1011,23116242782345,1,0
1012,23116243122345,1,1
1013,23116243442345,1,0
1014,23116243642345,1,0
1015,23116243782345,1,0
1016,23116243902345,2,0
1017,23116243962345,1,0
1018,23116244202345,2,0
1019,23116244482345,2,0
1020,23116244522345,2,0
1021,23116244682345,1,0
1022,23116244742345,2,0
1023,23116245222345,2,0
1024,23116245662345,1,0
1025,23116246042345,1,0
1026,23116246182345,1,0
1027,23116246402345,2,0
1028,23116246542345,1,0
1029,23116247942345,1,0
1030,23116248042345,1,0
1031,23116248122345,1,0
1032,23116248262345,1,0
1033,23116249022345,1,0
1034,23116249142345,1,0
1035,23116249402345,1,0
1036,23116249902345,1,0
1037,23116250422345,1,0
1038,23116250442345,1,0
1039,23116250842345,1,0
1040,23116251022345,2,0
1041,23116251122345,1,0
1042,23116251282345,1,0
1043,23116251582345,1,0
1044,23116251622345,1,0
1045,23116251702345,1,0
1046,23116251742345,1,0
1047,23116252222345,2,2
1048,23116252962345,1,0
1049,23116253462345,1,0
1050,23116253482345,1,0
1051,23116253602345,2,0
1052,23116253742345,1,0
1053,23116254122345,1,1
1054,23116254242345,1,0
1055,23116254682345,1,0
1056,23116254902345,1,0
1057,23116254942345,1,0
1058,23116255862345,1,0
1059,23116255902345,1,0
1060,23116256162345,1,0
1061,23116256562345,18,6
1062,23116256622345,1,0
1063,23116258262345,1,0
1064,23116258322345,1,0
1065,23116258822345,1,0
1066,23116259102345,1,0
1067,23116259282345,3,3
1068,23116259502345,1,0
1069,23116259942345,1,0
1070,23116260362345,1,0
1071,23116260942345,1,0
1072,23116261242345,1,0
1073,23116261462345,1,0
1074,23116261502345,1,0
1075,23116261662345,2,0
1076,23116261762345,2,0
1077,23116261942345,1,0
1078,23116262002345,1,0
1079,23116262022345,1,0
1080,23116262502345,1,0
1081,23116263022345,1,0
1082,23116263382345,1,0
1083,23116263422345,2,0
1084,23116263482345,1,0
1085,23116263682345,1,0
1086,23116263862345,5,0
1087,23116264022345,1,0
1088,23116264322345,1,0
1089,23116264542345,1,0
1090,23116265062345,1,0
1091,23116265862345,1,0
1092,23116266722345,1,0
1093,23116266802345,18,10
1094,23116266982345,1,0
1095,23116267082345,1,0
1096,23116267642345,1,0
1097,23116268542345,2,0
1098,23116268562345,2,0
1099,23116268782345,1,0
1100,23116268942345,2,0
1101,23116269162345,1,0
1102,23116269242345,1,0
1103,23116269302345,1,0
1104,23116269322345,1,0
1105,23116269702345,1,0
1106,23116269762345,2,0
1107,23116270022345,2,0
1108,23116270422345,1,0
1109,23116270522345,1,0
1110,23116270582345,2,0
1111,23116271202345,1,0
1112,23116271302345,1,0
1113,23116271362345,1,0
1114,23116271882345,1,0
1115,23116272042345,1,0
1116,23116272342345,2,0
1117,23116272382345,1,0
1118,23116273182345,1,0
1119,23116273322345,1,0
1120,23116273362345,2,0
1121,23116274162345,4,4
1122,23116275182345,14,13
1123,23116275742345,1,0
1124,23116275882345,1,0
1125,23116276002345,2,0
1126,23116276042345,1,0
1127,23116276082345,1,0
1128,23116276142345,2,0
1129,23116276362345,1,0
1130,23116276482345,1,0
1131,23116276622345,1,0
1132,23116276822345,2,0
1133,23116277342345,1,0
1134,23116277402345,1,0
1135,23116277522345,1,0
1136,23116277642345,1,0
1137,23116278062345,2,0
1138,23116278622345,2,0
1139,23116278662345,1,0
1140,23116279482345,1,0
1141,23116279642345,1,0
1142,23116281062345,1,0
1143,23116281542345,1,0
1144,23116281582345,1,0
1145,23116281682345,1,0
1146,23116282142345,1,0
1147,23116282602345,1,0
1148,23116282862345,1,0
1149,23116282902345,1,0
1150,23116283002345,1,0
1151,23116283282345,1,0
1152,23116283622345,2,0
1153,23116283822345,1,0
1154,23116283842345,1,0
1155,23116284262345,1,0
1156,23116284362345,1,0
1157,23116284502345,1,0
1158,23116284982345,1,0
1159,23116285382345,1,0
1160,23116285942345,1,0
1161,23116286022345,2,0
1162,23116286102345,1,0
1163,23116286202345,1,0
1164,23116286502345,1,0
1165,23116286522345,1,0
1166,23116286602345,1,0
1167,23116286682345,1,0
1168,23116286982345,1,0
1169,23116287002345,1,0
1170,23116287022345,1,0
1171,23116287582345,2,0
1172,23116287722345,2,0
1173,23116288222345,1,0
1174,23116288562345,2,0
1175,23116288762345,1,0
1176,23116288842345,1,0
1177,23116289162345,1,0
1178,23116289342345,1,0
1179,23116289782345,1,0
1180,23116290162345,1,0
1181,23116290522345,1,0
1182,23116291162345,2,0
1183,23116291602345,1,0
1184,23116291782345,1,0
1185,23116291882345,1,0
1186,23116291982345,1,0
1187,23116292422345,1,0
1188,23116292662345,1,0
1189,23116292742345,1,0
1190,23116293022345,1,0
1191,23116293342345,1,0
1192,23116294082345,1,0
1193,23116294182345,1,0
1194,23116294562345,1,0
1195,23116294582345,1,0
1196,23116295102345,1,0
1197,23116295382345,2,0
1198,23116295542345,1,0
1199,23116295962345,2,0
1200,23116296042345,1,0
1201,23116296202345,1,0
1202,23116296582345,1,0
1203,23116297062345,1,0
1204,23116298382345,1,0
1205,23116298562345,1,0
1206,23116298582345,1,0
1207,23116298842345,2,0
1208,23116299242345,2,0
1209,23116300062345,1,0
1210,23116300142345,2,0
1211,23116300162345,1,0
1212,23116300462345,1,0
1213,23116300962345,1,0
1214,23116301182345,1,0
1215,23116301362345,1,0
1216,23116301402345,1,0
1217,23116301982345,2,0
1218,23116303222345,1,0
1219,23116303322345,1,0
1220,23116303342345,2,0
1221,23116303542345,2,0
1222,23116303602345,1,0
1223,23116303862345,1,0
1224,23116304102345,1,0
1225,23116304222345,1,0
1226,23116304442345,2,0
1227,23116304562345,1,0
1228,23116305062345,1,0
1229,23116305742345,1,0
1230,23116306182345,2,0
1231,23116306302345,1,0
1232,23116306822345,1,0
1233,23116307622345,2,0
1234,23116308822345,2,0
1235,23116309322345,1,0
1236,23116309702345,1,0
1237,23116309722345,1,0
1238,23116310182345,1,0
1239,23116310322345,1,1
1240,23116310682345,1,0
1241,23116310722345,1,0
1242,23116311142345,1,0
1243,23116311582345,1,0
1244,23116311662345,1,0
1245,23116312282345,1,0
1246,23116312342345,1,0
1247,23116312982345,1,0
1248,23116314222345,1,0
1249,23116314302345,1,0
1250,23116315142345,1,0
1251,23116315442345,1,0
1252,23116315542345,1,0
1253,23116316022345,1,0
1254,23116316242345,2,0
1255,23116316362345,1,0
1256,23116316482345,1,0
1257,23116316502345,1,0
1258,23116317102345,1,0
1259,23116317322345,2,2
1260,23116317402345,1,0
1261,23116317482345,1,0
1262,23116317622345,1,0
1263,23116317762345,1,0
1264,23116317862345,1,0
1265,23116318102345,2,0
1266,23116318182345,1,0
1267,23116318322345,1,0
1268,23116319062345,1,0
1269,23116320122345,1,0
1270,23116320542345,1,0
1271,23116320582345,1,0
1272,23116321082345,2,0
1273,23116321102345,1,0
1274,23116321142345,1,0
1275,23116321902345,1,0
1276,23116322362345,1,0
1277,23116323322345,1,0
1278,23116324362345,1,0
1279,23116324542345,1,0
1280,23116324582345,1,0
1281,23116324662345,2,0
1282,23116324982345,2,0
1283,23116325022345,1,0
1284,23116325242345,1,0
1285,23116325382345,1,0
1286,23116325682345,1,0
1287,23116325742345,1,0
1288,23116326662345,1,0
1289,23116326782345,1,0
1290,23116327562345,1,0
1291,23116327662345,1,0
1292,23116327682345,1,0
1293,23116328382345,1,0
1294,23116328982345,1,0
1295,23116329462345,2,0
1296,23116329542345,1,0
1297,23116329842345,1,0
1298,23116329922345,1,0
1299,23116330342345,1,0
1300,23116331242345,1,0
1301,23116331282345,1,0
1302,23116331702345,2,0
1303,23116332062345,1,0
1304,23116332982345,1,0
1305,23116333002345,2,0
1306,23116333122345,10,8
1307,23116333522345,6,0
1308,23116333562345,4,0
1309,23116334062345,1,0
1310,23116334302345,1,0
1311,23116334742345,2,0
1312,23116335022345,1,0
1313,23116335362345,1,0
1314,23116335422345,1,0
1315,23116335442345,1,0
1316,23116335482345,1,0
1317,23116335702345,2,0
1318,23116335942345,2,0
1319,23116336222345,1,0
1320,23116336242345,1,0
1321,23116336342345,2,0
1322,23116336402345,1,0
1323,23116336462345,1,0
1324,23116336582345,1,0
1325,23116336662345,1,0
1326,23116336922345,1,0
1327,23116337622345,1,0
1328,23116338302345,1,0
1329,23116338602345,2,0
1330,23116338702345,2,0
1331,23116339222345,1,0
1332,23116339382345,1,0
1333,23116341162345,2,0
1334,23116341282345,2,0
1335,23116341322345,1,0
1336,23116341382345,1,0
1337,23116341502345,1,0
1338,23116341782345,12,10
1339,23116342462345,2,0
1340,23116342482345,1,0
1341,23116343162345,1,0
1342,23116343502345,1,0
1343,23116343702345,1,0
1344,23116344062345,1,0
1345,23116344162345,2,0
1346,23116344342345,1,0
1347,23116344362345,2,0
1348,23116344782345,4,2
1349,23116345082345,1,0
1350,23116345162345,1,0
1351,23116345462345,1,0
1352,23116345502345,1,0
1353,23116345742345,1,0
1354,23116346242345,2,0
1355,23116346302345,2,0
1356,23116346622345,1,0
1357,23116346722345,15,15
1358,23116347262345,1,0
1359,23116347422345,1,0
1360,23116347782345,2,0
1361,23116347842345,1,0
1362,23116348062345,1,0
1363,23116348322345,1,0
1364,23116348442345,1,0
1365,23116349042345,1,0
1366,23116349742345,2,0
1367,23116350182345,1,0
1368,23116350302345,1,0
1369,23116351102345,1,0
1370,23116351142345,1,0
1371,23116351262345,10,8
1372,23116351422345,1,0
1373,23116351462345,1,0
1374,23116351822345,1,0
1375,23116352042345,1,0
1376,23116352622345,1,0
1377,23116352702345,1,0
1378,23116353242345,2,0
1379,23116353462345,1,0
1380,23116353582345,1,0
1381,23116353822345,1,0
1382,23116353962345,2,0
1383,23116354022345,1,0
1384,23116354542345,1,1
1385,23116354662345,1,0
1386,23116354962345,2,0
1387,23116355342345,2,0
1388,23116355442345,1,0
1389,23116355762345,1,0
1390,23116355822345,1,0
1391,23116356042345,1,0
1392,23116356562345,1,0
1393,23116356742345,1,0
1394,23116356802345,1,0
1395,23116356942345,1,0
1396,23116357242345,1,0
1397,23116357302345,1,0
1398,23116358022345,2,0
1399,23116358202345,2,0
1400,23116358222345,1,0
1401,23116358542345,1,0
1402,23116358622345,2,0
1403,23116358642345,2,0
1404,23116358982345,1,0
1405,23116359182345,1,0
1406,23116359582345,1,0
1407,23116359642345,1,0
1408,23116359742345,1,0
1409,23116359782345,1,0
1410,23116359982345,1,0
1411,23116360022345,1,0
1412,23116360062345,1,0
1413,23116360342345,1,0
1414,23116360522345,1,0
1415,23116360622345,2,0
1416,23116360902345,1,0
1417,23116360942345,1,0
1418,23116361262345,1,0
1419,23116361602345,2,0
1420,23116361662345,1,0
1421,23116361922345,2,0
1422,23116361962345,2,1
1423,23116362422345,1,0
1424,23116363022345,1,0
1425,23116363942345,24,22
1426,23116364722345,1,0
1427,23116365322345,1,0
1428,23116365362345,2,0
1429,23116365482345,1,0
1430,23116365682345,1,0
1431,23116365902345,1,0
1432,23116366122345,1,0
1433,23116366602345,1,0
1434,23116367182345,1,0
1435,23116367642345,1,0
1436,23116367862345,1,0
1437,23116367902345,1,0
1438,23116368102345,1,0
1439,23116368422345,1,0
1440,23116368442345,1,0
1441,23116368722345,2,0
1442,23116369022345,2,0
1443,23116369582345,1,0
1444,23116369962345,1,0
1445,23116370402345,1,0
1446,23116370562345,1,0
1447,23116370762345,1,0
1448,23116371462345,1,0
1449,23116371582345,1,0
1450,23116371882345,1,0
1451,23116371962345,1,0
1452,23116372042345,2,2
1453,23116372062345,2,0
1454,23116372362345,2,0
1455,23116372682345,1,0
1456,23116373182345,2,2
1457,23116374022345,1,0
1458,23116374142345,1,0
1459,23116374222345,1,0
1460,23116374262345,1,0
1461,23116374322345,2,0
1462,23116374342345,1,0
1463,23116374402345,1,0
1464,23116374522345,1,0
1465,23116374542345,27,25
1466,23116374882345,1,0
1467,23116375062345,1,0
1468,23116375542345,1,0
1469,23116375602345,1,0
1470,23116375622345,1,0
1471,23116376622345,3,2
1472,23116376682345,1,0
1473,23116376722345,1,0
1474,23116376802345,1,0
1475,23116377002345,1,0
1476,23116377302345,1,0
1477,23116377402345,1,0
1478,23116377462345,1,0
1479,23116377642345,1,0
1480,23116377802345,1,0
1481,23116377882345,2,0
1482,23116378122345,1,0
1483,23116378162345,1,0
1484,23116378742345,1,0
1485,23116378902345,1,0
1486,23116379502345,1,0
1487,23116379882345,3,0
1488,23116380002345,1,0
1489,23116380322345,1,0
1490,23116380502345,1,0
1491,23116380642345,1,0
1492,23116381582345,1,0
1493,23116381782345,1,0
1494,23116381902345,1,0
1495,23116381922345,1,0
1496,23116382142345,6,4
1497,23116382262345,1,0
1498,23116382382345,1,0
1499,23116382562345,1,0
1500,23116382982345,1,0
1501,23116383042345,1,0
1502,23116383082345,2,0
1503,23116383162345,1,0
1504,23116383542345,1,0
1505,23116383942345,1,0
1506,23116383982345,1,0
1507,23116384342345,1,0
1508,23116384402345,1,0
1509,23116384462345,2,0
1510,23116384522345,1,0
1511,23116384642345,2,0
1512,23116384982345,1,0
1513,23116385322345,1,0
1514,23116385362345,2,0
1515,23116385442345,1,0
1516,23116385462345,1,0
1517,23116385862345,1,0
1518,23116385882345,1,0
1519,23116386182345,1,0
1520,23116386242345,10,10
1521,23116386482345,1,0
1522,23116387322345,1,0
1523,23116388402345,1,0
1524,23116388722345,1,0
1525,23116389062345,2,0
1526,23116389142345,1,0
1527,23116389422345,1,0
1528,23116389442345,1,0
1529,23116389542345,1,0
1530,23116389722345,5,5
1531,23116390242345,1,0
1532,23116390762345,1,0
1533,23116391242345,1,0
1534,23116391302345,1,0
1535,23116392182345,1,0
1536,23116392402345,1,0
1537,23116392422345,1,0
1538,23116392822345,1,0
1539,23116393342345,1,0
1540,23116393422345,1,0
1541,23116393482345,2,2
1542,23116393582345,1,0
1543,23116393682345,1,0
1544,23116394002345,2,2
1545,23116394382345,2,0
1546,23116394542345,2,0
1547,23116394902345,1,0
1548,23116394922345,2,0
1549,23116394962345,2,0
1550,23116395402345,1,0
1551,23116396162345,1,0
1552,23116396202345,1,0
1553,23116396662345,1,0
1554,23116396722345,2,0
1555,23116396782345,1,0
1556,23116397642345,1,0
1557,23116397842345,12,12
1558,23116398602345,1,0
1559,23116398862345,1,0
1560,23116399102345,1,0
1561,23116399182345,1,0
1562,23116399482345,2,0
1563,23116399502345,1,0
1564,23116399522345,2,0
1565,23116399582345,1,0
1566,23116399862345,1,0
1567,23116400282345,1,0
1568,23116400782345,1,0
1569,23116401082345,1,0
1570,23116401342345,1,0
1571,23116401462345,1,0
1572,23116401942345,1,0
1573,23116402042345,1,0
1574,23116402122345,2,0
1575,23116402182345,2,0
1576,23116402902345,2,0
1577,23116403162345,1,0
1578,23116403362345,2,0
1579,23116403642345,1,0
1580,23116403662345,2,0
1581,23116403682345,1,0
1582,23116404162345,1,0
1583,23116404602345,1,0
1584,23116404642345,1,0
1585,23116404842345,2,0
1586,23116405082345,1,0
1587,23116405842345,2,0
1588,23116406062345,1,0
1589,23116406162345,1,0
1590,23116406382345,1,0
1591,23116407282345,1,0
1592,23116407462345,2,0
1593,23116407722345,1,0
1594,23116407922345,2,0
1595,23116408142345,4,1
1596,23116408542345,1,0
1597,23116408822345,1,0
1598,23116408862345,1,0
1599,23116409282345,1,0
1600,23116409382345,2,0
1601,23116410282345,2,0
1602,23116410722345,1,1
1603,23116410822345,1,0
1604,23116411322345,1,0
1605,23116411982345,1,0
1606,23116412162345,2,0
1607,23116412442345,1,0
1608,23116412502345,2,0
1609,23116412942345,1,0
1610,23116413022345,1,0
1611,23116413742345,1,0
1612,23116413842345,1,0
1613,23116414122345,1,0
1614,23116414482345,1,0
1615,23116414562345,1,0
1616,23116414622345,1,0
1617,23116414942345,1,0
1618,23116414982345,1,0
1619,23116415162345,1,0
1620,23116415262345,2,0
1621,23116415522345,1,0
1622,23116415982345,1,0
1623,23116416162345,1,0
1624,23116416262345,1,0
1625,23116416282345,1,0
1626,23116416302345,1,0
1627,23116416822345,1,0
1628,23116417382345,1,0
1629,23116417822345,1,0
1630,23116418642345,1,0
1631,23116419182345,1,0
1632,23116419362345,1,0
1633,23116419702345,1,0
1634,23116420202345,1,0
1635,23116420362345,1,0
1636,23116420422345,2,0
1637,23116420882345,2,0
1638,23116421142345,2,0
1639,23116421442345,2,0
1640,23116422182345,1,0
1641,23116422342345,1,0
1642,23116422422345,2,2
1643,23116422682345,1,0
1644,23116422902345,1,0
1645,23116423042345,1,0
1646,23116423282345,1,0
1647,23116423382345,1,0
1648,23116423502345,1,0
1649,23116423722345,1,0
1650,23116423862345,1,0
1651,23116424862345,1,0
1652,23116425942345,1,0
1653,23116425982345,2,1
1654,23116426522345,1,0
1655,23116426582345,2,0
1656,23116426882345,1,0
1657,23116427102345,1,0
1658,23116427342345,1,0
1659,23116427382345,1,0
1660,23116427422345,2,0
1661,23116427462345,1,0
1662,23116427882345,1,0
1663,23116428162345,1,0
1664,23116428302345,1,0
1665,23116428342345,2,0
1666,23116428602345,1,0
1667,23116428642345,1,0
1668,23116428662345,1,0
1669,23116428742345,12,6
1670,23116429042345,1,0
1671,23116429122345,1,0
1672,23116429262345,1,0
1673,23116429402345,1,0
1674,23116429822345,1,0
1675,23116430102345,1,0
1676,23116430262345,1,1
1677,23116430582345,1,0
1678,23116430902345,1,0
1679,23116431402345,2,0
1680,23116431422345,1,0
1681,23116431942345,2,0
1682,23116432002345,1,0
1683,23116432162345,1,0
1684,23116432602345,1,0
1685,23116432742345,1,0
1686,23116433062345,1,0
1687,23116433322345,1,0
1688,23116433362345,1,0
1689,23116433402345,2,0
1690,23116433662345,1,0
1691,23116434242345,1,0
1692,23116434462345,1,0
1693,23116434502345,1,0
1694,23116434762345,1,0
1695,23116435462345,1,0
1696,23116436102345,1,0
1697,23116436282345,1,0
1698,23116436762345,1,0
1699,23116436802345,1,0
1700,23116437242345,2,0
1701,23116437522345,1,0
1702,23116437622345,1,0
1703,23116438002345,1,0
1704,23116438122345,1,0
1705,23116438222345,1,0
1706,23116438902345,1,0
1707,23116439442345,1,0
1708,23116439482345,1,0
1709,23116440542345,1,0
1710,23116441202345,2,0
1711,23116441462345,1,0
1712,23116441682345,4,3
1713,23116442022345,1,0
1714,23116442342345,1,0
1715,23116442722345,1,0
1716,23116442822345,1,0
1717,23116443062345,2,0
1718,23116443082345,1,0
1719,23116443222345,1,0
1720,23116443502345,2,0
1721,23116443562345,2,0
1722,23116443802345,1,0
1723,23116443842345,1,0
1724,23116444122345,1,0
1725,23116444442345,1,0
1726,23116444922345,1,0
1727,23116445462345,1,0
1728,23116445522345,1,0
1729,23116445822345,1,0
1730,23116445842345,1,0
1731,23116446542345,2,0
1732,23116447082345,1,0
1733,23116447402345,1,0
1734,23116447422345,1,0
1735,23116447742345,1,0
1736,23116447782345,1,0
1737,23116447822345,1,0
1738,23116447842345,1,0
1739,23116447902345,2,0
1740,23116447982345,2,0
1741,23116448142345,2,0
1742,23116448182345,1,0
1743,23116448302345,1,0
1744,23116448562345,22,7
1745,23116448762345,1,0
1746,23116449042345,1,0
1747,23116449082345,1,0
1748,23116449422345,1,0
1749,23116449782345,1,0
1750,23116451002345,1,0
1751,23116451062345,1,0
1752,23116451442345,1,0
1753,23116451542345,1,0
1754,23116452002345,1,0
1755,23116453202345,2,0
1756,23116453382345,11,8
1757,23116453422345,1,0
1758,23116453482345,1,0
1759,23116453842345,1,0
1760,23116454322345,1,0
1761,23116454342345,1,0
1762,23116454802345,1,0
1763,23116454902345,1,0
1764,23116455162345,5,5
1765,23116455362345,1,0
1766,23116455582345,1,0
1767,23116455802345,1,0
1768,23116456082345,1,0
1769,23116456542345,1,0
1770,23116456682345,1,0
1771,23116456782345,1,0
1772,23116457122345,2,0
1773,23116457342345,1,0
1774,23116457402345,2,0
1775,23116457462345,1,0
1776,23116457642345,1,0
1777,23116457882345,1,0
1778,23116458622345,1,0
1779,23116459322345,1,0
1780,23116459382345,1,0
1781,23116459462345,2,0
1782,23116459642345,8,6
1783,23116459782345,1,0
1784,23116459882345,1,0
1785,23116460342345,1,0
1786,23116460562345,6,6
1787,23116460582345,1,0
1788,23116461082345,1,0
1789,23116462242345,1,0
1790,23116462282345,1,0
1791,23116462782345,1,0
1792,23116462802345,1,0
1793,23116463262345,2,0
1794,23116465362345,1,0
1795,23116465682345,1,0
1796,23116466022345,1,0
1797,23116466282345,2,0
1798,23116466482345,1,0
1799,23116467182345,1,0
1800,23116467222345,1,0
1801,23116467262345,2,0
1802,23116467722345,1,0
1803,23116468162345,1,0
1804,23116468522345,5,5
1805,23116469862345,1,0
1806,23116469962345,1,0
1807,23116470162345,1,0
1808,23116470702345,2,0
1809,23116471022345,1,0
1810,23116471262345,1,0
1811,23116471622345,1,0
1812,23116472182345,1,0
1813,23116472422345,1,0
1814,23116472542345,1,0
1815,23116472942345,1,0
1816,23116472962345,1,0
1817,23116474042345,1,0
1818,23116474542345,4,0
1819,23116474622345,1,0
1820,23116474642345,1,0
1821,23116474682345,2,0
1822,23116475262345,2,0
1823,23116475682345,1,0
1824,23116475822345,1,0
1825,23116475902345,1,0
1826,23116476282345,1,0
1827,23116476922345,1,0
1828,23116477022345,1,0
1829,23116477102345,2,0
1830,23116478002345,1,0
1831,23116478142345,1,0
1832,23116478262345,1,0
1833,23116478342345,1,0
1834,23116479102345,1,0
1835,23116479122345,2,1
1836,23116479222345,1,0
1837,23116479402345,1,0
1838,23116479542345,1,0
1839,23116479662345,1,0
1840,23116479862345,10,6
1841,23116480382345,2,0
1842,23116480702345,1,0
1843,23116480922345,1,0
1844,23116481322345,2,0
1845,23116481902345,1,0
1846,23116482302345,1,0
1847,23116482482345,1,0
1848,23116482722345,2,0
1849,23116483422345,1,0
1850,23116483662345,2,0
1851,23116484442345,1,0
1852,23116484642345,1,0
1853,23116484902345,1,0
1854,23116485242345,1,0
1855,23116485342345,1,0
1856,23116486102345,1,0
1857,23116486742345,1,0
1858,23116486862345,1,0
1859,23116488602345,2,0
1860,23116489302345,1,0
1861,23116489522345,1,0
1862,23116489802345,1,0
1863,23116489822345,1,0
1864,23116489942345,1,0
1865,23116490322345,1,0
1866,23116490922345,1,0
1867,23116491382345,1,0
1868,23116492182345,1,0
1869,23116492682345,1,0
1870,23116492742345,1,0
1871,23116493022345,1,0
1872,23116493202345,2,0
1873,23116493522345,1,0
1874,23116493722345,1,0
1875,23116494022345,1,0
1876,23116494362345,1,0
1877,23116494582345,1,0
1878,23116494842345,1,0
1879,23116495162345,1,0
1880,23116495182345,1,0
1881,23116495762345,1,0
1882,23116497322345,1,0
1883,23116497362345,2,0
1884,23116497722345,1,0
1885,23116498502345,1,0
1886,23116498602345,1,0
1887,23116498662345,2,0
1888,23116499222345,1,0
1889,23116499282345,1,0
1890,23116499702345,2,2
1891,23116499722345,1,0
1892,23116500062345,1,0
1893,23116500222345,1,0
1894,23116500782345,2,0
1895,23116501062345,1,0
1896,23116501082345,2,0
1897,23116501322345,1,0
1898,23116501482345,1,0
1899,23116501662345,1,0
1900,23116501762345,4,3
1901,23116502062345,1,0
1902,23116502142345,1,0
1903,23116502282345,2,0
1904,23116502402345,1,0
1905,23116502622345,1,0
1906,23116502762345,2,0
1907,23116502982345,1,0
1908,23116503002345,3,1
1909,23116503442345,14,13
1910,23116503462345,1,0
1911,23116503782345,1,0
1912,23116503882345,1,0
1913,23116504542345,1,0
1914,23116504562345,1,0
1915,23116504642345,1,0
1916,23116504802345,1,0
1917,23116504822345,1,0
1918,23116504862345,1,0
1919,23116505062345,1,0
1920,23116505402345,1,0
1921,23116505482345,1,0
1922,23116505562345,1,0
1923,23116505622345,1,0
1924,23116505682345,2,0
1925,23116505762345,1,0
1926,23116505982345,1,0
1927,23116506102345,2,0
1928,23116506542345,2,0
1929,23116506942345,1,0
1930,23116507002345,1,0
1931,23116507302345,1,0
1932,23116507602345,1,0
1933,23116507822345,1,0
1934,23116507982345,1,0
1935,23116508502345,1,0
1936,23116508522345,1,0
1937,23116508642345,1,0
1938,23116508662345,1,0
1939,23116508902345,1,0
1940,23116509042345,1,0
1941,23116509142345,1,0
1942,23116509362345,1,0
1943,23116509462345,2,0
1944,23116510062345,1,0
1945,23116510362345,2,0
1946,23116510522345,1,0
1947,23116510622345,1,0
1948,23116510682345,1,0
1949,23116511062345,2,0
1950,23116511982345,1,0
1951,23116512222345,38,34
1952,23116512642345,2,0
1953,23116513002345,1,0
1954,23116513062345,1,0
1955,23116513862345,1,0
1956,23116514062345,1,0
1957,23116514142345,1,0
1958,23116514422345,1,0
1959,23116514702345,1,0
1960,23116514882345,1,0
1961,23116514962345,1,0
1962,23116515102345,2,0
1963,23116515602345,1,0
1964,23116515762345,2,0
1965,23116515802345,2,0
1966,23116516122345,1,0
1967,23116516182345,1,0
1968,23116516462345,1,0
1969,23116516502345,1,0
1970,23116516942345,1,0
1971,23116517022345,1,0
1972,23116517042345,1,0
1973,23116517682345,1,0
1974,23116517782345,1,0
1975,23116518382345,1,0
1976,23116518402345,2,0
1977,23116518442345,1,0
1978,23116518642345,2,0
1979,23116518662345,1,0
1980,23116519222345,1,0
1981,23116519682345,1,0
1982,23116519942345,1,0
1983,23116520182345,1,0
1984,23116520242345,2,0
1985,23116520382345,1,0
1986,23116520502345,1,0
1987,23116520722345,1,0
1988,23116520822345,1,0
1989,23116520882345,1,0
1990,23116521382345,1,0
1991,23116521562345,1,0
1992,23116522102345,2,0
1993,23116522382345,1,0
1994,23116522762345,1,0
1995,23116522922345,1,0
1996,23116523202345,5,4
1997,23116523782345,2,0
1998,23116524122345,2,0
1999,23116524162345,2,0
2000,23116524262345,1,0
2001,23116524542345,1,0
2002,23116524582345,2,0
2003,23116524942345,1,0
2004,23116525142345,1,0
2005,23116525422345,2,0
2006,23116525722345,2,0
2007,23116526442345,2,0
2008,23116526902345,1,0
2009,23116527022345,1,0
2010,23116527242345,1,0
2011,23116527642345,2,0
2012,23116528102345,1,0
2013,23116528902345,1,0
2014,23116528962345,2,0
2015,23116529042345,2,0
2016,23116529182345,1,0
2017,23116529502345,6,5
2018,23116530442345,1,0
2019,23116530982345,1,0
2020,23116531462345,2,0
2021,23116531602345,1,0
2022,23116533142345,2,2
2023,23116533402345,2,0
2024,23116533982345,1,0
2025,23116534422345,1,0
2026,23116535602345,2,0
2027,23116536122345,1,0
2028,23116536182345,1,0
2029,23116536422345,1,0
2030,23116536462345,1,0
2031,23116536502345,1,0
2032,23116536882345,1,0
2033,23116537622345,2,0
2034,23116538162345,1,0
2035,23116538282345,1,0
2036,23116538342345,1,0
2037,23116538762345,1,0
2038,23116538922345,1,0
2039,23116539262345,1,0
2040,23116539342345,1,0
2041,23116539442345,2,0
2042,23116539982345,1,0
2043,23116540242345,1,0
2044,23116540262345,2,0
2045,23116540342345,1,0
2046,23116540362345,1,0
2047,23116540382345,1,0
2048,23116540442345,1,0
2049,23116540962345,2,0
2050,23116542242345,1,0
2051,23116543542345,1,0
2052,23116543582345,1,0
2053,23116544422345,1,0
2054,23116544962345,1,0
2055,23116546242345,1,0
2056,23116546642345,1,0
2057,23116546982345,1,0
2058,23116547042345,1,0
2059,23116547282345,1,1
2060,23116547322345,2,0
2061,23116547522345,1,0
2062,23116547702345,1,0
2063,23116548062345,1,0
2064,23116548542345,1,0
2065,23116548862345,1,0
2066,23116549002345,1,0
2067,23116549022345,2,0
2068,23116549502345,1,0
2069,23116549522345,1,0
2070,23116549802345,1,0
2071,23116550662345,1,0
2072,23116550822345,1,0
2073,23116550942345,1,0
2074,23116551002345,1,0
2075,23116551022345,1,0
2076,23116551162345,1,0
2077,23116551322345,1,0
2078,23116552222345,1,0
2079,23116552882345,1,0
2080,23116553302345,1,0
2081,23116553502345,1,0
2082,23116554062345,2,0
2083,23116554782345,1,0
2084,23116555362345,1,0
2085,23116555382345,1,0
2086,23116555502345,1,0
2087,23116556122345,1,0
2088,23116556282345,1,0
2089,23116556722345,1,0
2090,23116556822345,1,0
2091,23116557282345,1,0
2092,23116557762345,1,0
2093,23116558882345,1,0
2094,23116559362345,1,0
2095,23116559462345,1,0
2096,23116559562345,1,0
2097,23116560082345,2,0
2098,23116561062345,1,0
2099,23116561162345,1,0
2100,23116561242345,1,0
2101,23116561482345,4,2
2102,23116561762345,1,0
2103,23116561842345,1,0
2104,23116562002345,1,0
2105,23116562262345,1,0
2106,23116562642345,1,0
2107,23116563082345,1,0
2108,23116563322345,1,0
2109,23116563502345,2,0
2110,23116564282345,1,0
2111,23116564382345,1,0
2112,23116564562345,1,0
2113,23116564622345,1,0
2114,23116564922345,1,0
2115,23116564942345,1,0
2116,23116565502345,1,0
2117,23116566042345,2,0
2118,23116566442345,1,1
2119,23116566702345,1,0
2120,23116567002345,2,0
2121,23116568042345,1,0
2122,23116568222345,2,0
2123,23116568342345,1,0
2124,23116569062345,1,0
2125,23116569342345,1,0
2126,23116569842345,1,0
2127,23116569902345,1,0
2128,23116570162345,1,0
2129,23116570182345,1,0
2130,23116570402345,1,0
2131,23116570582345,1,0
2132,23116570902345,1,0
2133,23116571102345,1,0
2134,23116571182345,1,0
2135,23116571402345,1,0
2136,23116571642345,2,0
2137,23116571822345,1,0
2138,23116572042345,1,0
2139,23116572102345,1,0
2140,23116572322345,2,0
2141,23116572482345,1,0
2142,23116572662345,1,0
2143,23116572782345,1,0
2144,23116573302345,1,0
2145,23116573362345,4,4
2146,23116573442345,1,0
2147,23116573882345,2,0
2148,23116573942345,1,0
2149,23116574942345,1,0
2150,23116575002345,1,0
2151,23116575082345,1,0
2152,23116575342345,2,0
2153,23116575602345,1,0
2154,23116575902345,1,0
2155,23116576122345,1,0
2156,23116576462345,1,0
2157,23116577362345,2,0
2158,23116577862345,1,0
2159,23116577902345,1,0
2160,23116578902345,1,0
2161,23116579242345,1,0
2162,23116579362345,1,0
2163,23116579522345,1,0
2164,23116579542345,1,0
2165,23116579562345,2,0
2166,23116579582345,4,4
2167,23116580742345,1,0
2168,23116580902345,1,0
2169,23116581122345,1,0
2170,23116581802345,1,0
2171,23116582042345,1,0
2172,23116583062345,1,0
2173,23116583102345,1,0
2174,23116583302345,1,0
2175,23116583502345,1,0
2176,23116583542345,2,0
2177,23116583762345,1,0
2178,23116584102345,2,0
2179,23116584162345,1,0
2180,23116584182345,1,0
2181,23116584602345,1,0
2182,23116584622345,1,0
2183,23116584902345,1,0
2184,23116585002345,1,0
2185,23116585042345,1,0
2186,23116585142345,1,0
2187,23116585162345,1,0
2188,23116586042345,1,0
2189,23116586062345,2,0
2190,23116586362345,1,0
2191,23116586562345,1,0
2192,23116586762345,2,0
2193,23116587022345,1,0
2194,23116587422345,1,0
2195,23116587722345,1,0
2196,23116587782345,1,0
2197,23116587982345,1,0
2198,23116588082345,1,0
2199,23116588242345,1,0
2200,23116588262345,1,0
2201,23116588442345,1,0
2202,23116588962345,5,2
2203,23116589022345,1,0
2204,23116589542345,1,0
2205,23116589582345,1,0
2206,23116589742345,1,0
2207,23116589862345,1,0
2208,23116590262345,2,0
2209,23116590602345,1,0
2210,23116590702345,2,0
2211,23116590902345,1,0
2212,23116591022345,4,3
2213,23116591602345,1,0
2214,23116591842345,1,0
2215,23116591882345,2,0
2216,23116592902345,1,0
2217,23116593142345,1,0
2218,23116593342345,1,0
2219,23116593522345,2,0
2220,23116593702345,1,0
2221,23116594182345,1,0
2222,23116596082345,1,0
2223,23116596342345,2,0
2224,23116596382345,1,0
2225,23116596862345,1,0
2226,23116597022345,1,0
2227,23116597342345,1,0
2228,23116597742345,1,0
2229,23116597882345,1,0
2230,23116599242345,1,0
2231,23116600382345,1,0
2232,23116600622345,1,0
2233,23116600902345,1,0
2234,23116601022345,2,0
2235,23116601162345,2,0
2236,23116601302345,1,0
2237,23116601682345,1,0
2238,23116601782345,1,0
2239,23116602542345,1,0
2240,23116602722345,1,0
2241,23116602782345,1,0
2242,23116603042345,1,0
2243,23116603402345,1,0
2244,23116603422345,1,0
2245,23116603662345,1,0
2246,23116604262345,1,0
2247,23116604402345,1,0
2248,23116604602345,1,0
2249,23116604802345,8,6
2250,23116605082345,1,0
2251,23116605622345,1,0
2252,23116605722345,1,0
2253,23116606642345,7,7
2254,23116606902345,1,0
2255,23116607382345,1,0
2256,23116607662345,1,0
2257,23116607942345,1,0
2258,23116607962345,1,0
2259,23116608482345,1,0
2260,23116608702345,1,0
2261,23116608782345,1,0
2262,23116609162345,1,0
2263,23116609282345,1,0
2264,23116610642345,1,0
2265,23116610982345,1,0
2266,23116611562345,1,0
2267,23116611882345,2,0
2268,23116612262345,1,0
2269,23116613502345,1,0
2270,23116614002345,1,0
2271,23116614442345,1,0
2272,23116614522345,1,0
2273,23116614862345,1,0
2274,23116614962345,1,0
2275,23116615242345,1,0
2276,23116615502345,5,3
2277,23116615542345,1,0
2278,23116615862345,1,0
2279,23116615882345,1,0
2280,23116616122345,1,0
2281,23116616342345,1,0
2282,23116617142345,1,0
2283,23116617242345,1,0
2284,23116617322345,1,0
2285,23116617382345,1,0
2286,23116617562345,1,0
2287,23116617582345,12,12
2288,23116618382345,1,0
2289,23116618862345,1,0
2290,23116618962345,1,0
2291,23116619022345,1,0
2292,23116619362345,1,0
2293,23116619562345,1,0
2294,23116619722345,1,0
2295,23116619822345,1,0
2296,23116620262345,1,0
2297,23116620322345,1,0
2298,23116620562345,1,0
2299,23116620582345,3,0
2300,23116620842345,1,0
2301,23116620942345,1,0
2302,23116621062345,1,0
2303,23116621122345,1,1
2304,23116621202345,1,0
2305,23116621502345,1,0
2306,23116621762345,1,0
2307,23116622102345,1,0
2308,23116622322345,1,0
2309,23116623062345,1,0
2310,23116623382345,1,0
2311,23116623722345,1,0
2312,23116623862345,1,0
2313,23116624082345,1,0
2314,23116624482345,1,0
2315,23116625002345,1,0
2316,23116625102345,1,0
2317,23116625302345,1,0
2318,23116625982345,1,0
2319,23116626042345,1,0
2320,23116626682345,1,0
2321,23116626842345,1,0
2322,23116627442345,1,0
2323,23116627642345,1,0
2324,23116627662345,1,0
2325,23116627762345,1,0
2326,23116627782345,1,0
2327,23116628102345,1,0
2328,23116628282345,1,0
2329,23116628882345,1,0
2330,23116629842345,1,0
2331,23116630262345,1,0
2332,23116630562345,1,0
2333,23116630722345,1,0
2334,23116630802345,1,0
2335,23116630942345,1,0
2336,23116631122345,1,0
2337,23116631282345,4,4
2338,23116631302345,1,0
2339,23116631342345,1,0
2340,23116631842345,1,0
2341,23116632582345,1,0
2342,23116633082345,1,0
2343,23116633522345,1,0
2344,23116633802345,1,0
2345,23116633902345,1,0
2346,23116633982345,1,0
2347,23116634062345,1,0
2348,23116635202345,1,0
2349,23116635222345,1,0
2350,23116635382345,1,0
2351,23116635482345,1,0
2352,23116635862345,2,0
2353,23116635942345,1,0
2354,23116636442345,1,0
2355,23116636822345,1,0
2356,23116637302345,1,0
2357,23116637522345,1,0
2358,23116637642345,1,0
2359,23116637682345,2,1
2360,23116637742345,1,0
2361,23116638542345,1,0
2362,23116639002345,1,0
2363,23116639162345,1,0
2364,23116639582345,1,0
2365,23116639662345,1,0
2366,23116640202345,1,0
2367,23116640422345,1,0
2368,23116640562345,1,0
2369,23116640762345,1,0
2370,23116640822345,1,0
2371,23116641002345,1,0
2372,23116641022345,1,0
2373,23116641382345,1,0
2374,23116642342345,1,0
2375,23116642942345,1,0
2376,23116643142345,3,3
2377,23116644602345,1,0
2378,23116645842345,1,0
2379,23116646342345,1,0
2380,23116646482345,1,0
2381,23116646522345,1,0
2382,23116646742345,1,0
2383,23116647542345,1,0
2384,23116647702345,1,0
2385,23116647962345,1,0
2386,23116648282345,1,0
2387,23116648422345,1,0
2388,23116648522345,1,0
2389,23116648562345,1,0
2390,23116648582345,1,0
2391,23116648662345,1,0
2392,23116648962345,1,0
2393,23116649882345,1,0
2394,23116650682345,1,0
2395,23116650882345,1,0
2396,23116651622345,1,0
2397,23116651802345,1,0
2398,23116651882345,1,0
2399,23116652022345,1,0
2400,23116652222345,1,0
2401,23116652462345,1,0
2402,23116652622345,1,0
2403,23116653102345,1,1
2404,23116653822345,1,0
2405,23116653842345,1,0
2406,23116654402345,1,0
2407,23116654442345,1,0
2408,23116655222345,1,0
2409,23116655282345,1,0
2410,23116656322345,1,0
2411,23116656362345,1,0
2412,23116656762345,1,0
2413,23116657802345,1,0
2414,23116657842345,1,0
2415,23116658082345,1,0
2416,23116658222345,1,0
2417,23116658302345,2,1
2418,23116658642345,1,0
2419,23116659662345,1,0
2420,23116661162345,1,0
2421,23116661262345,1,0
2422,23116661562345,1,0
2423,23116663362345,1,0
2424,23116663402345,1,0
2425,23116664122345,1,0
2426,23116664482345,1,0
2427,23116664622345,1,0
2428,23116664642345,1,0
2429,23116665362345,1,0
2430,23116665442345,1,0
2431,23116665762345,1,0
2432,23116666082345,1,0
2433,23116666182345,1,0
2434,23116666202345,1,1
2435,23116666262345,1,0
2436,23116666342345,1,0
2437,23116666862345,1,0
2438,23116667202345,1,0
2439,23116667442345,1,0
2440,23116668202345,1,0
2441,23116668362345,1,0
2442,23116669182345,1,0
2443,23116671642345,1,0
2444,23116672002345,1,0
2445,23116674082345,1,0
2446,23116674442345,1,0
2447,23116675062345,1,0
2448,23116675162345,1,0
2449,23116675542345,1,0
2450,23116675722345,2,2
2451,23116676022345,1,0
2452,23116676102345,1,0
2453,23116676522345,3,0
2454,23116677602345,1,0
2455,23116678382345,1,0
2456,23116678562345,1,0
2457,23116678802345,1,0
2458,23116679062345,1,0
2459,23116679202345,1,0
2460,23116679462345,1,0
2461,23116679482345,5,1
2462,23116679582345,2,2
2463,23116680262345,1,0
2464,23116680282345,1,0
2465,23116680522345,1,0
2466,23116680702345,1,0
2467,23116680782345,1,0
2468,23116681142345,8,3
2469,23116681582345,1,0
2470,23116682222345,1,0
2471,23116682322345,1,0
2472,23116683402345,1,0
2473,23116683442345,1,0
2474,23116683642345,1,0
2475,23116684242345,1,0
2476,23116684322345,6,5
2477,23116684742345,1,0
2478,23116684762345,1,0
2479,23116685222345,1,0
2480,23116685342345,1,0
2481,23116685382345,1,0
2482,23116685502345,1,0
2483,23116685722345,1,0
2484,23116685822345,1,0
2485,23116685862345,1,0
2486,23116686102345,1,0
2487,23116687142345,1,0
2488,23116687182345,1,0
2489,23116687302345,1,0
2490,23116687342345,1,0
2491,23116687422345,3,0
2492,23116687822345,1,0
2493,23116687882345,1,0
2494,23116688082345,1,0
2495,23116688162345,1,0
2496,23116688322345,1,0
2497,23116688602345,1,0
2498,23116689202345,1,0
2499,23116691282345,1,0
2500,23116691642345,1,0
2501,23116692042345,1,0
2502,23116692802345,1,0
2503,23116692822345,1,0
2504,23116692842345,5,3
2505,23116693142345,1,0
2506,23116693482345,1,0
2507,23116693922345,1,0
2508,23116696102345,1,0
2509,23116696622345,1,0
2510,23116697622345,1,0
2511,23116697722345,1,0
2512,23116698802345,1,0
2513,23116698922345,1,0
2514,23116699142345,1,0
2515,23116699662345,1,0
2516,23116699842345,1,0
2517,23116700002345,1,0
2518,23116700542345,1,0
2519,23116701142345,1,0
2520,23116701402345,1,0
2521,23116701482345,1,0
2522,23116701842345,1,0
2523,23116702162345,1,0
2524,23116702362345,1,0
2525,23116702622345,1,0
2526,23116702982345,1,0
2527,23116703402345,1,0
2528,23116704042345,1,0
2529,23116705782345,1,0
2530,23116705822345,1,0
2531,23116706082345,1,0
2532,23116706362345,1,0
2533,23116706442345,1,0
2534,23116706522345,1,0
2535,23116706642345,1,0
2536,23116706722345,1,0
2537,23116707242345,1,0
2538,23116707662345,2,1
2539,23116707962345,1,0
2540,23116708162345,1,0
2541,23116708242345,1,0
2542,23116708302345,1,0
2543,23116708442345,1,0
2544,23116708682345,1,0
2545,23116709182345,1,0
2546,23116709342345,1,0
2547,23116709882345,1,0
2548,23116709982345,1,0
2549,23116710802345,1,0
2550,23116710882345,1,0
2551,23116712042345,1,0
2552,23116713042345,1,0
2553,23116713282345,1,0
2554,23116713362345,1,0
2555,23116714662345,1,0
2556,23116714842345,1,0
2557,23116714942345,1,0
2558,23116715882345,1,0
2559,23116717682345,1,0
2560,23116718402345,1,0
2561,23116718682345,1,0
2562,23116718882345,1,0
2563,23116719682345,1,0
2564,23116722202345,1,0
2565,23116722442345,1,0
2566,23116723082345,1,0
2567,23116723242345,1,0
2568,23116723262345,1,0
2569,23116723902345,1,0
2570,23116725162345,1,0
2571,23116725282345,1,0
2572,23116725802345,1,0
2573,23116726562345,1,0
2574,23116726582345,1,0
2575,23116726782345,1,0
2576,23116726842345,1,0
2577,23116727242345,1,0
2578,23116727582345,1,0
2579,23116728182345,1,0
2580,23116728202345,1,0
2581,23116728262345,1,0
2582,23116728822345,1,0
2583,23116729502345,1,0
2584,23116729582345,1,0
2585,23116729662345,1,0
2586,23116729842345,1,0
2587,23116729962345,1,0
2588,23116730222345,2,2
2589,23116730742345,1,0
2590,23116730962345,1,0
2591,23116731242345,1,0
2592,23116731462345,1,0
2593,23116731582345,1,0
2594,23116731682345,1,0
2595,23116731982345,1,0
2596,23116734002345,1,0
2597,23116734642345,2,1
2598,23116734822345,1,0
2599,23116735022345,1,0
2600,23116736022345,1,0
2601,23116736082345,1,0
2602,23116736942345,1,0
2603,23116738182345,1,0
2604,23116738262345,1,0
2605,23116739022345,1,0
2606,23116739702345,1,0
2607,23116739802345,1,0
2608,23116740582345,1,0
2609,23116740902345,1,0
2610,23116740922345,1,0
2611,23116741742345,1,0
2612,23116742922345,1,0
2613,23116742942345,1,0
2614,23116743362345,1,0
2615,23116743802345,1,0
2616,23116744542345,1,0
2617,23116744702345,1,0
2618,23116744982345,1,0
2619,23116745282345,1,0
2620,23116745422345,1,1
2621,23116745582345,1,0
2622,23116745762345,1,0
2623,23116745882345,1,0
2624,23116747162345,1,0
2625,23116747402345,1,0
2626,23116747642345,1,0
2627,23116747762345,1,0
2628,23116747942345,1,0
2629,23116748202345,1,0
2630,23116748322345,1,0
2631,23116748542345,1,0
2632,23116748582345,1,0
2633,23116748722345,1,0
2634,23116749162345,1,0
2635,23116749302345,1,0
2636,23116750402345,1,0
2637,23116750982345,1,0
2638,23116751042345,1,0
2639,23116751162345,1,0
2640,23116751502345,2,2
2641,23116752222345,1,0
2642,23116752242345,1,0
2643,23116753662345,1,0
2644,23116753902345,1,0
2645,23116754562345,1,0
2646,23116754622345,1,0
2647,23116755122345,1,0
2648,23116755482345,1,0
2649,23116755522345,1,0
2650,23116755782345,1,0
2651,23116755922345,1,0
2652,23116757022345,2,2
2653,23116757202345,1,0
2654,23116757262345,1,0
2655,23116758562345,1,0
2656,23116759062345,22,19
2657,23116759382345,1,0
2658,23116760122345,1,0
2659,23116760302345,1,0
2660,23116760502345,1,0
2661,23116760522345,1,0
2662,23116760742345,1,0
2663,23116761562345,6,0
2664,23116761622345,1,0
2665,23116762202345,1,0
2666,23116762382345,1,0
2667,23116762882345,1,0
2668,23116762962345,1,0
2669,23116765262345,1,0
2670,23116765582345,1,0
2671,23116765702345,1,0
2672,23116767082345,1,0
2673,23116767422345,1,0
2674,23116767462345,1,0
2675,23116767562345,1,0
2676,23116767802345,1,0
2677,23116768382345,1,0
2678,23116768482345,1,0
2679,23116768742345,1,0
2680,23116768962345,1,0
2681,23116769042345,1,0
2682,23116769182345,1,0
2683,23116769322345,1,0
2684,23116769722345,1,0
2685,23116769762345,1,0
2686,23116769882345,1,0
2687,23116770082345,1,0
2688,23116770482345,1,0
2689,23116771182345,1,0
2690,23116771542345,1,0
2691,23116772522345,1,0
2692,23116772882345,1,0
2693,23116773102345,1,0
2694,23116773742345,1,0
2695,23116774122345,1,0
2696,23116775122345,1,0
2697,23116775262345,1,0
2698,23116775482345,1,0
2699,23116775782345,1,0
2700,23116776162345,1,0
2701,23116776362345,1,0
2702,23116776402345,1,0
2703,23116777262345,1,0
2704,23116778102345,9,8
2705,23116778882345,1,0
2706,23116779162345,1,0
2707,23116780642345,1,0
2708,23116780822345,1,0
2709,23116782062345,1,0
2710,23116782542345,1,0
2711,23116782902345,1,0
2712,23116783062345,1,0
2713,23116783162345,1,0
2714,23116784042345,1,0
2715,23116784302345,1,0
2716,23116784322345,1,0
2717,23116784782345,1,0
2718,23116785042345,1,0
2719,23116785742345,1,0
2720,23116785942345,1,0
2721,23116786042345,1,0
2722,23116786142345,1,0
2723,23116786562345,1,0
2724,23116786702345,1,0
2725,23116786782345,3,3
2726,23116787522345,1,0
2727,23116787802345,1,0
2728,23116788042345,1,0
2729,23116788602345,1,0
2730,23116788622345,1,0
2731,23116789382345,1,0
2732,23116789922345,1,0
2733,23116790082345,1,0
2734,23116790102345,1,0
2735,23116790402345,1,0
2736,23116791102345,1,0
2737,23116791582345,1,0
2738,23116791662345,1,0
2739,23116791682345,2,1
2740,23116792162345,1,0
2741,23116792402345,1,0
2742,23116792442345,1,0
2743,23116793002345,1,0
2744,23116793102345,1,0
2745,23116794222345,1,0
2746,23116794302345,1,0
2747,23116794722345,1,1
2748,23116796302345,1,0
2749,23116796782345,1,0
2750,23116797122345,1,0
2751,23116797302345,1,0
2752,23116797342345,1,0
2753,23116797702345,1,0
2754,23116797742345,1,0
2755,23116797822345,1,0
2756,23116798002345,1,0
2757,23116798922345,1,0
2758,23116799382345,1,0
2759,23116799682345,1,0
2760,23116799782345,1,0
2761,23116800122345,1,0
2762,23116800602345,1,0
2763,23116800762345,1,0
2764,23116800882345,1,0
2765,23116801562345,1,0
2766,23116801642345,1,0
2767,23116802062345,1,0
2768,23116802422345,1,0
2769,23116802962345,1,0
2770,23116803622345,1,0
2771,23116804242345,1,0
2772,23116804442345,1,0
2773,23116804982345,1,0
2774,23116807182345,1,0
2775,23116813042345,1,0
2776,23116813822345,1,0
2777,23116815902345,1,0
2778,23116816442345,1,0
2779,23116824942345,1,0
2780,23116832022345,1,0
2781,23116832702345,1,0
2782,23116836682345,1,0
2783,23116837002345,1,0
2784,23116838262345,1,0
2785,23116839502345,1,0
2786,23116841102345,1,0
2787,23116842822345,1,1
2788,23116846082345,1,0
2789,23116848302345,1,0
2790,23116849102345,1,0
2791,23116849502345,1,0
2792,23116854482345,1,0
2793,23116857742345,1,0
2794,23116859182345,1,0
2795,23116860222345,1,0
2796,23116862502345,1,0
2797,23116865982345,1,0
2798,23116866802345,1,0
2799,23116868282345,1,0
2800,23116869342345,1,0
2801,23116871882345,1,0
2802,23116873922345,1,0
2803,23116876142345,1,0
2804,23116877122345,1,0
2805,23116884022345,1,0
2806,23116884102345,1,0
2807,23116887382345,1,0
2808,23116889482345,1,0
2809,23116892622345,1,0
2810,23116899182345,1,0
2811,23116901062345,1,0
2812,23116902362345,1,0
2813,23116903582345,1,0
2814,23116908962345,1,0
2815,23116909862345,1,0
2816,23116915202345,1,0
2817,23116920882345,1,0
2818,23116923242345,1,0
2819,23116923442345,1,0
2820,23116924982345,1,0
2821,23116925602345,1,0
2822,23116928482345,1,0
2823,23116929042345,1,0
2824,23116929502345,1,0
2825,23116937062345,4,1
2826,23116943082345,1,0
2827,23116945782345,1,0
2828,23116947022345,1,0
2829,23116947722345,1,0
2830,23116948582345,1,0
2831,23116949902345,1,0
2832,23116951622345,1,0
2833,23116953382345,1,1
2834,23116958822345,1,0
2835,23116959142345,1,0
2836,23116962942345,1,0
2837,23116965922345,1,0
2838,23116967802345,1,0
2839,23116969502345,1,0
2840,23116971002345,1,0
2841,23116971482345,1,0
2842,23116979362345,1,0
2843,23116980062345,1,0
2844,23116984882345,1,0
2845,23116985802345,1,0
2846,23116986522345,1,0
2847,23116987382345,1,0
2848,23116991542345,1,0
2849,23116994642345,1,0
2850,23116996502345,1,0
2851,23116998182345,1,0
2852,23116999022345,1,0
2853,23117003222345,1,0
2854,23117003842345,1,0
2855,23117003942345,1,0
2856,23117004162345,1,0
2857,23117005942345,1,0
2858,23117014802345,1,0
2859,23117016602345,1,0
2860,23117017682345,1,0
2861,23117018262345,1,0
2862,23117019202345,1,0
2863,23117023162345,1,0
2864,23117023202345,1,0
2865,23117023382345,1,0
2866,23117023962345,1,0
2867,23117025042345,1,0
2868,23117025542345,1,0
2869,23117026682345,1,0
2870,23117026922345,1,0
2871,23117027642345,1,0
2872,23117027942345,1,0
2873,23117028362345,1,0
2874,23117028442345,1,0
2875,23117030182345,1,0
2876,23117031222345,1,0
2877,23117031882345,1,0
2878,23117032342345,1,0
2879,23117033882345,1,0
2880,23117036422345,1,0
2881,23117038602345,1,0
2882,23117039402345,1,0
2883,23117041162345,1,0
2884,23117041222345,1,0
2885,23117041882345,1,0
2886,23117042422345,1,0
2887,23117043242345,1,0
2888,23117044082345,1,0
2889,23117045202345,1,0
2890,23117045802345,1,0
2891,23117046462345,1,0
2892,23117047942345,1,0
2893,23117048882345,1,0
2894,23117049342345,1,0
2895,23117049502345,1,0
2896,23117054002345,1,0
2897,23117054262345,1,0
2898,23117056282345,1,0
2899,23117057182345,1,0
2900,23117058682345,1,0
2901,23117062062345,1,0
2902,23117062742345,1,0
2903,23117064442345,1,0
2904,23117067862345,1,0
2905,23117070762345,1,0
2906,23117072162345,1,0
2907,23117076062345,1,0
2908,23117084002345,1,0
2909,23117084322345,1,0
2910,23117087062345,1,0
2911,23117088302345,1,0
2912,23117088702345,1,0
2913,23117090882345,1,0
2914,23117091142345,1,0
2915,23117091482345,1,0
2916,23117097122345,1,0
2917,23117098882345,1,0
2918,23117101782345,1,0
2919,23117101942345,1,0
2920,23117102682345,1,0
2921,23117105442345,1,0
2922,23117111022345,1,0
2923,23117111922345,1,0
2924,23117114482345,1,0
2925,23117116522345,1,0
2926,23117119522345,1,0
2927,23117120822345,1,0
2928,23117127462345,1,0
2929,23117129782345,1,0
2930,23117130402345,1,0
2931,23117133042345,1,0
2932,23117138022345,1,0
2933,23117139162345,1,0
2934,23117139402345,1,0
2935,23117141862345,1,0
2936,23117142962345,1,0
2937,23117148982345,1,0
2938,23117152802345,1,0
2939,23117153042345,1,0
2940,23117156142345,1,0
2941,23117156982345,1,0
2942,23117168562345,1,0
2943,23117169482345,2,1
2944,23117170102345,1,0
2945,23117172622345,1,0
2946,23117174082345,1,0
2947,23117177142345,1,0
2948,23117177402345,1,0
2949,23117180642345,1,0
2950,23117182002345,1,0
2951,23117183882345,1,0
2952,23117184802345,1,0
2953,23117185222345,1,0
2954,23117186982345,1,0
2955,23117189462345,1,0
2956,23117190822345,1,0
2957,23117191102345,1,0
2958,23117192422345,1,0
2959,23117193302345,1,0
2960,23117194042345,1,0
2961,23117195722345,1,0
2962,23117197642345,1,0
2963,23117198682345,1,0
2964,23117201002345,1,0
2965,23117201802345,1,0
2966,23117202162345,1,0
2967,23117205002345,1,0
2968,23117210282345,1,0
2969,23117217842345,1,0
2970,23117218742345,1,0
2971,23117218862345,1,0
2972,23117219882345,1,0
2973,23117219942345,1,0
2974,23117221102345,1,0
2975,23117222002345,1,0
2976,23117223002345,1,0
2977,23117223782345,1,0
2978,23117225382345,1,0
2979,23117226482345,1,0
2980,23117228662345,1,0
2981,23117235342345,1,0
2982,23117236122345,1,0
2983,23117239582345,1,0
2984,23117239862345,1,0
2985,23117240842345,1,0
2986,23117249742345,1,0
2987,23117250402345,1,0
2988,23117258282345,4,3
2989,23117260102345,1,0
2990,23117263962345,1,0
2991,23117265082345,1,0
2992,23117268382345,1,0
2993,23117269482345,1,0
2994,23117271582345,1,0
2995,23117272402345,1,0
2996,23117275762345,1,0
2997,23117276862345,1,0
2998,23117277802345,1,0
2999,23117277962345,1,0
3000,23117278162345,1,0
3001,23117279302345,1,0
3002,23117282142345,1,0
3003,23117282602345,1,0
3004,23117282622345,1,0
3005,23117282842345,1,0
3006,23117283902345,1,0
3007,23117288902345,1,0
3008,23117292182345,1,0
3009,23117292242345,1,0
3010,23117293002345,1,0
3011,23117293102345,1,0
